{"cameraMode":{"drawMode":0,"name":"Shaded","section":"Shading Mode"},"sceneLighting":true,"audioPlay":false,"sceneViewState":{"m_AlwaysRefresh":false,"showFog":true,"showSkybox":true,"showFlares":true,"showImageEffects":true,"showParticleSystems":true,"showVisualEffectGraphs":true,"m_FxEnabled":true},"in2DMode":false,"pivot":{"x":88.74655151367188,"y":2.829538345336914,"z":-178.23818969726563},"rotation":{"x":-0.32222744822502139,"y":0.10787684470415116,"z":-0.036982495337724689,"w":-0.9397897720336914},"size":11.162102699279786,"orthographic":false}